{
  "delta_alpha": -0.0006521858425913638,
  "delta_alpha_err": 0.0007000091185205025,
  "z0": 4.539150124095752e-05,
  "z0_err": 5.251317982630091e-05,
  "jitter": 4.605996914129564e-05,
  "chi2": 18.01421161317587,
  "dof": 14,
  "loss": "cauchy"
}