{
  "delta_alpha": -0.00023368393004530256,
  "delta_alpha_err": 1.063140014805682e-05,
  "z": -3.638635956373846e-05,
  "z_err": 7.442245286690259e-07,
  "chi2": 1047331.9730600903,
  "dof": 266,
  "metadata": {
    "species": "Fe V",
    "grating": "E140H",
    "n_lines": 268,
    "spline_s": 0.001,
    "mask_width": 0.4,
    "robust": false,
    "sigma_clip": 3.0
  }
}