{
  "z_guess": 7.980794787409984e-05,
  "method": "hlsp",
  "uncertainty": 1.8127950926219657e-07
}