{
  "delta_alpha": 0.0023535864445292957,
  "delta_alpha_err": 1.6224403051600734e-05,
  "z": 0.00015672280792003045,
  "z_err": 1.3065727372243422e-06,
  "chi2": 632250.4543311525,
  "dof": 79,
  "metadata": {
    "species": "Ni V",
    "grating": "E140H",
    "n_lines": 81
  }
}